id;dob;address;first_name;last_name
1;2020-12-24T18:58:21;generating Generic heuristic;Precious;Rau
2;2020-12-24T17:58:12;payment;Jessy;Ernser
3;2020-12-24T00:25:17;Concrete;Shania;Gutmann
4;2020-12-24T15:38:03;empower Auto Loan Account Music;Hayden;Walker
5;2020-12-24T00:12:10;Western Sahara;Nolan;Ledner
6;2020-12-24T10:08:51;alarm Licensed Rubber Bacon;Hyman;Lebsack
7;2020-12-24T19:06:27;Extended;Hazle;Rutherford
8;2020-12-24T06:55:16;Directives Direct online;Velda;DuBuque
9;2020-12-24T02:44:02;partnerships Progressive copying;Elouise;Bradtke
10;2020-12-24T06:39:50;Ergonomic California withdrawal;Ozella;O'Keefe
